id,Year,Title,Abstract,include_stage1,reason_stage1,detected_language,publication_year,confidence_stage1
J4243,2023,The economic challenges of treating uncomplicated hypertension in sub-Saharan Africa - Identifying major cost drivers and possible solutions: A systematic review,"Einleitung Hypertension is a rising health threat in sub-Saharan Africa (SSA) and so far, the research on the economic consequences is limited. The aim of our review was to gather Hypertension treatment costs from different perspectives in SSA and identify possible opportunities to reduce the economic burden. Methoden A systematic literature review was performed searching in 6 databases (PubMed, Web of Science, Google Scholar, CINAHL, ISPOR, EconLit) for peer reviewed articles published in English from inception to Jan. 2022. We included studies assessing direct or indirect costs of Hypertension treatment across SSA. The search and quality assessment were independently executed by two researchers. All results were converted to 2021 US Dollar. Resultate Of 3999 the initial articles, 33 were included in the review. Not all SSA countries were represented and only 25 % of the countries provided data on the economic burden of Hypertension. Economic results varied according to their perspective and country. Cost on medications represented the majority with a range from 1.70$ to 97.06$ from a patient and 0.09$ to 193.55$ from a provider perspective per patient per month. Up to 72 % of the patients lost more than 10 % of their annual income to Hypertension care. Schlussfolgerung Health systems and patients experience a great financial burden due to hypertension care. While the costs differed according to measuring and financing methods, we identified medication as a major cost factor. Reducing medication costs and supporting patients through subsidies, use of generics or other special interventions should be considered.",FALSE,"Abstract primarily in German, not English",Not English,2023,0.9
J976,2019,Understanding the lived experiences of the patient journey following lumbar spinal fusion surgery using weekly patient diaries,"Purpose: In the United Kingdom, surgery is the greatest single component of expenditure for managing low back pain with approximately 4500 lumbar spinal fusion surgery (LSFS) procedures performed annually. LSFS is used to manage pain attributed to degenerative or spondylolisthetic cause, resistant to conservative management. Low level current evidence suggests inconclusive outcomes and questions cost effectiveness. With high costs and large variations in outcomes it is important to identify prognostic factors (for poor outcome) and develop a stratification tool that can inform clinical decision making related to post-operative physiotherapy. Understanding the lived experience of the patient is an important part of this process. The purpose of this study was to capture a weekly record of life as lived in the first 4 weeks following LSFS from the patients own perspective. Method(s): Qualitative study using Interpretive Phenomenological Analysis (IPA) approach. A purposive sample of adult patients who had undergone instrumented LSFS were recruited across 2 NHS sites. A weekly diary was developed from the literature and piloted. It consisted of 12 sections; progress, recovery, motivation, symptoms, medications, healthcare appointments, rehabilitation, positive/negative thoughts, significant moment during the past week and a comparison to the previous week. The final section enabled participants to record other comments regarding how they have have felt or experiences over the past week. To maximise completion rate and quality of the data obtained, the diary could be completed in paper form, word document, online via a survey tool or audio recorded. Strategies to enhance diary adherence included a weekly prompt. Diaries were completed on a weekly basis for the first 4 weeks following LSFS. A framework analysis of thematic coding (with deductive and inductive components) by 2 researchers captured emergent themes. Strategies (for example reflexivity) ensured trustworthiness. Result(s): Completed diary sets (1 diary entry per week for 4 weeks) from 8 participants, contributed to the developed framework. Emerging themes included absence or presence of pre-operative symptoms after surgery, self-motivation and self-efficacy, ability to set goals unrelated to physical limitations, absence/presence of support and access to healthcare professionals. A collaborative approach to the analysis representing both professional and public and patient perspectives enhanced the analysis of the data. Conclusion(s): Variability existed between patients in their diaries, highlighting individual journeys. Some commonalities were identified. Access to health professionals during a week was associated with higher levels of motivation and documented positive feelings. Achieving a goal or perceived progress from the preceding week also affected motivation. The presence of pre-operative symptoms was a strong negative feeling which impacted on feelings about recovery so far. Participants who recorded a negative 'most memorable moment' during the initial week showed consistency of this reporting in the subsequent weeks. Implications: Real time access to data through patient diaries has captured their lived experiences during the first 4 weeks following LSFS. Combined with continued data collection via patient diaries capturing the later stages of the patient journey, findings will ensure that patient driven data informs stratified precision rehabilitation following LSFS with the overall aim of improving patient outcome and cost effectiveness. Funding acknowledgements: The Chartered Society of Physiotherapy Charitable Trust Physiotherapy Research Foundation. Copyright Â© 2018",FALSE,"Copyright year 2018, outside inclusion window",English,2018,0.9
J5644,2024,Physiotherapy for rare hereditary NMDs- an open and free e-learning course for physiotherapists. Results after 18 months online at sjelden.no,"Physiotherapy is an important modality for patients with neuromuscular disorders, as individually targeted physiotherapy approaches may enhance functions in daily life, and thereby affect quality of life. In Norway, there is scarce knowledge of physiotherapy for neuromuscular patients among physiotherapists (PTs). The PTs at the National Neuromuscular Centre, Norway (NMK), saw the need for the development of free and easily attainable learning resources to empower PTs at hospitals and in communities in their clinical reasoning process. A service development project was conducted, resulting in an e-learning course published at the Norwegian learning platform sjelden.no. The e-learning course was developed in close collaboration with sjelden.no, a learning platform for rare diseases funded by Norwegian National Advisory Unit on Rare Disorders (NKSD). The project period ran from 2018-2022. The course is presented in written and spoken Norwegian and consists of five modules. 1) Introduction 2) Human movement- from healthy to muscle disease 3) Examples of movement analysis of patients 4) Intervention examples 5) Course test with 15 multiple choice questions. The course was published in Sep.2022. Information and advertisement has been provided from NMK at national and international conferences, on NMK's SoMe-platforms and website, and at clinical courses for PTs in Norway. From September 2022-March 2024, the e-learning course has had 2209 users and 3772 views based on statistics from Google Analytics. This is the 3rd most visited learning resource at sjelden.no. The introductory video has 400 full-length finishes, while 120 PTs has passed the course-test. The e-learning course has good statistics of use by Norwegian PTs when looking at users, views and completion of the course test. To enhance the sharing of evidence-based physiotherapy for NMD-patients to PTs, a digital course thus seems to be a cost-effective and potent tool. To enable availability for an international audience, translation to English with publishing through sjelden.no and ERN Euro-NMD is planned for 2024-2025. Copyright Â© 2024",FALSE,Primary language is not English,Not English,2024,1
J393,,RapidAI for Stroke Detection,"<b>WHAT IS THE INDICATION UNDER REVIEW?</b>: The indication under review is the detection, using artificial intelligence (AI) software, of large vessel occlusion (LVO) (i.e., ischemic stroke) and intracranial hemorrhage (ICH) (i.e., hemorrhagic stroke) for people of any age with a suspected acute stroke.
<b>WHAT IS RAPIDAI?</b>: RapidAI is an AI-enabled software platform that facilitates the viewing, processing, and analysis of CT imaging to aid clinicians in assessing patients, including those with suspected stroke. It builds on the original RAPID software, initially developed to automate and expedite the postprocessing of CT perfusion imaging. Currently, the platform also incorporates modules that perform AI-driven detection of LVO and ICH, which were the functionalities evaluated in this review. RapidAI is intended to complement, rather than replace, clinician interpretation of CT imaging and is to be used as a supportive tool rather than a standalone diagnostic intervention.
<b>HOW DID CANADA'S DRUG AGENCY EVALUATE THIS TECHNOLOGY?</b>: To examine the value of implementing RapidAI for detecting LVO and ICH, Canada's Drug Agency (CDA-AMC) conducted an evidence review on RapidAI that identified, synthesized, and critically appraised literature evaluating RapidAI's effectiveness, accuracy, and cost-effectiveness. CDA-AMC highlighted and reflected on the ethical and equity implications of using RapidAI for stroke detection, engaged a patient contributor, sought feedback from knowledge users, and consulted an expert panel. While RapidAI has numerous features and functionalities, what is relevant for this report are the modules that perform AI-driven detection of LVO and ICH to inform stroke diagnosis. No additional features or functionalities, such as the postprocessing of CT perfusion imaging, were assessed.
<b>WHAT ELSE DID CDA-AMC DO?</b>: CDA-AMC applied Digital Technology Assessment Criteria (DTAC), a checklist currently used in the UK, to the health care context in Canada to determine whether we have equivalent or similar measures, strategies, and policies to implement digital health technologies safely. CDA-AMC also conducted a literature review to identify implementation guidance specific to AI-enabled medical device use and relevant to Canada to supplement DTAC. For this work, CDA-AMC integrated ethics and equity considerations, leveraged patient engagement activities conducted in the concurrent RapidAI review, sought feedback from knowledge users, and consulted an expert panel.
<b>WHAT IS THE HEALTH TECHNOLOGY EXPERT REVIEW PANEL RECOMMENDATION FOR RAPIDAI?</b>: In locations where RapidAI has already been implemented for use in detecting suspected LVO and ICH, the Health Technology Expert Review Panel (HTERP) recommends RapidAI is used only as indicated, alongside clinician interpretation of CT imaging, to reduce the risk of incorrect results; and the generation of evidence to evaluate its value in health care systems, including its use in less-resourced centres with limited access to stroke care specialists. In locations considering the implementation of RapidAI for use in detecting suspected LVO and ICH, given the uncertainty and gaps in the evidence regarding clinical, economic, and equity value of RapidAI, HTERP cannot provide recommendations for or against its implementation.",FALSE,Publication year is unknown,English,,0.8
J1275,2019,"Using internet-based self-help to bridge waiting time for face-to-face outpatient treatment for Bulimia Nervosa, Binge Eating Disorder and related disorders: Study protocol of a randomized controlled trial","Background: Eating disorders are serious conditions associated with an impaired health-related quality of life and increased healthcare utilization and costs. Despite the existence of evidence-based treatments, access to treatment is often delayed due to insufficient health care resources. Internet-based self-help interventions may have the potential to successfully bridge waiting time for face-to-face outpatient treatment and, thus, contribute to overcoming treatment gaps. However, little is known about the feasibility of implementing such interventions into routine healthcare. The aim of this study is to analyze the effects and feasibility of an Internet-based self-help intervention (everyBody Plus) specifically designed for patients with Bulimia Nervosa, Binge Eating Disorder and other specified feeding and eating disorders (OSFED) on a waiting list for outpatient face-to-face treatment. The aim of this paper is to describe the study protocol. Method(s): A multi-country randomized controlled trial will be conducted in Germany and the UK. N = 275 female patients awaiting outpatient treatment will be randomly allocated either to the guided online self-help intervention everyBody Plus"" or a waitlist control group condition without access to the intervention. everyBody Plus comprises eight weekly sessions that cover topics related to eating and exercise patterns, coping with negative emotions and stress as well as improving body image. Participants will receive weekly individualized feedback based on their self-monitoring and journal entries. Assessments will take place at baseline, post-intervention as well as at 6- and 12-months follow up. In addition, all participants will be asked to monitor core eating disorder symptoms weekly to provide data on the primary outcome. The primary outcome will be number of weeks after randomization until a patient achieves a clinically relevant improvement in core symptoms (BMI, binge eating, compensatory behaviors) for the first time. Secondary outcomes include frequency of core symptoms and eating disorder related attitudes and behaviors, as well as associated psychopathology. Additional secondary outcomes will be the participating therapists' confidence in treating eating disorders as well as perceived benefits of everyBody Plus for patients. Discussion(s): To the best of our knowledge, this is the first randomized controlled trial examining the effects of Internet-based self-help for outpatients with eating disorders awaiting face-to-face outpatient treatment. If proven to be effective and successfully implemented, Internet-based self-help programs might be used as a first step of treatment within a stepped-care approach, thus reducing burden and cost for both patients and health care providers. Copyright Â© 2018 The Authors""",FALSE,"Copyright date is 2018, outside 2019-2025 range",English,2018,0.9
J1315,2019,What do we know about the healthcare costs of extreme heat exposure? A comprehensive literature review,"Exposure to extreme heat can lead to a range of heat-related illnesses, exacerbate pre-existing health conditions and cause increased demand on the healthcare system. A projected increase in temperature may lead to greater healthcare expenditure, however, at present the costs of heat-related healthcare utilization is under-researched. This study aims to review the literature on heat-related costs for the healthcare system with a focus on ED visits, hospitalization, and ambulance call-outs. PubMed, Scopus, and Embase were used to search relevant literature from database inception to December 2017 and limited to human studies and English language. After screening, a total of ten papers were identified for final inclusion. In general, the healthcare costs of heat extremes have been poorly investigated in developed countries and not reported in developing countries where the largest heat-vulnerable populations reside. Studies showed that exposure to extreme heat was causing a substantial economic burden on healthcare systems. Females, the elderly, low-income families, and ethnic minorities had the highest healthcare costs on a range of health services utilization. Although a few studies have estimated heat healthcare costs, none of them quantified the temperature-healthcare cost relationship. There is a need to systematically examine heat-attributable costs for the healthcare system in the context of climate change to better inform heat-related policy making, target interventions and resource allocation. Copyright Â© 2018",FALSE,"Published in 2018, outside date range",English,2018,1
J420,2019,Cost-effectiveness of strategies to improve delivery of brief interventions for heavy drinking in primary care: results from the ODHIN trial,"BACKGROUND: Screening and brief interventions (SBIs) for heavy drinking are an effective and cost-effective approach to reducing alcohol-related harm, yet delivery rates remain low. This study uses trial data to estimate the cost-effectiveness of alternative strategies to increase SBI delivery. METHOD(S): Data from a large cluster-randomized trial were combined with the Sheffield Alcohol Policy Model, a policy appraisal tool, to estimate the cost-effectiveness of eight strategies to increase SBI delivery in primary care in England, Poland and the Netherlands: care as usual (control), training and support (TS), financial reimbursement (FR), referral of patients to an online brief intervention (eBI) and all combinations of TS, FR and eBI. cost-effectiveness was assessed from a healthcare perspective by comparing health benefits (measured in Quality-Adjusted Life Years) with total implementation costs and downstream healthcare savings for each strategy over a 30-year horizon and calculating Incremental cost-effectiveness ratios (ICERs). RESULT(S): All trialled strategies were cost-effective compared to control. TS combined with FR was the most cost-effective approach in England (more effective and less costly than control) and Poland (ICER 4632 vs. next-best strategy). This combination is not cost-effective in the Netherlands, where TS alone is the most cost-effective approach (ICER 3386 vs. next-best strategy). CONCLUSION(S): Structured TS, financial incentives and access to online interventions are all estimated to be cost-effective methods of improving delivery of alcohol brief interventions. TS and FR together may be the most cost-effective approach, however this is sensitive to country characteristics and alternative BI effect assumptions. TRIAL REGISTRATION: ClinicalTrials.gov trial identifier: NCT01501552. Copyright Â© The Author(s) 2018. Published by Oxford University Press on behalf of the European Public Health Association. All rights reserved.",FALSE,"Published in 2018, outside 2019-2025 range.",English,2018,1
J774,2019,A service evaluation of prescribed only medications (POMs) issued during a 12-month period in a musculoskeletal physiotherapy primary care service,"Purpose: Non-medical prescribing was introduced in the United Kingdom (UK) to improve healthcare service efficiency, access to medicines and support service innovation. From 2013, independent prescribing was extended to include physiotherapists. Patients are facing increasingly long waiting times to see their GPs, and delays getting medication to aid their musculoskeletal ailments. This report aims to explore patient satisfaction of this service in a primary care musculoskeletal physiotherapy setting. IPOPS started provision of independent prescribing during physiotherapy sessions by a single physiotherapy practitioner in March 2017. Method(s): Patients who were given prescriptions (FP10) during their physiotherapy session from a 12-month period by a single physiotherapy independent prescriber (March 2017 to March 2018) were given a 6-part satisfaction questionnaire. A numeric scale rating from 1 to 10 (1 - least satisfied to 10 - most satisfied) was used for questions 1 to 4. Questions 5 and 6 were responded with patient comments regarding the service.1. How satisfied are you with being provided with a prescription today? 2. How satisfied are you with combined care of physiotherapy and a prescription? 3. How satisfied are you with the timing of your prescription. 4. How satisfied are you with the education received regarding your prescription today? 5. Comparing this experience of receiving your prescription from a physiotherapist how would you rate your experience compared to being provided with a prescription by your GP or nurse practitioner? 6. Is there anything you feel could be improved? Results: 106 prescriptions were issued during that period. These included: naproxen (16) 15%, gabapentin (14) 13%, amitriptyline (13) 12%, pregabalin (11) 10%, ibuprofen gel 10% (9) 8%, omeprazole (9) 8%, capsaicin cream (8) 8%, diazepam (8) 8%, vitamin D (7) 7%, lanzoprazole (6) 6% and alendronic acid (5) 5%. The mean satisfaction ratings were as follows: Question1 - 9/10 rating, Question 2 - 10/0 rating, Question 3 - 8/10, Question 4 - 10/10 rating. For questions 6 and 7, the responses were all positive and included comments such as quicker service"", ""it was good I received my prescription by the clinician diagnosing and managing my problem"", ""excellent service"", ""shame that not all physios can prescribe."" Conclusion(s): Although the sample size was relatively small, all the patients rated the service highly with positive comments. The experience they had was comparable to that by a General Practitioner (GP) or Nurse Practitioner. Implications: All patients were happy to receive physiotherapy treatment and prescriptions if required creating the concept of a 'one stop shop' and reducing time that would have been needed to book an appointment with a GP to get a similar prescription. The independent prescribing role can be extended to reviewing medication and weaning advice as symptoms improve. Funding acknowledgements: No funding was provided for this service evaluation. Copyright Â© 2018""",FALSE,"Published in 2018, outside 2019-2025 range",English,2018,1
J1751,2020,Dementia and Imagination: A Social Return on Investment Analysis Framework for Art Activities for People Living With Dementia,"BACKGROUND AND OBJECTIVES: Arts activities may benefit people living with dementia. Social return on investment (SROI) analysis, a form of cost-benefit analysis, has the potential to capture the value of arts interventions, but few rigorous SROI analyses exist. This article presents a framework for an SROI analysis. RESEARCH DESIGN AND METHODS: One hundred twenty-five people with mild to severe dementia and 146 caregivers were recruited to the Dementia and Imagination study across residential care homes, a hospital and community venues in England and Wales for a 12-week visual arts program. Quantitative and qualitative data on quality of life, support, and program perceptions were obtained through interviews. SROI was undertaken to explore the wider social value of the arts activities. RESULT(S): An input of 189,498 ($279,320/257,338) to deliver the groups created a social value of 980,717 ($1,445,577/1,331,814). This equates to a base case scenario of /$/5.18 of social value generated for every /$/1 invested. Sensitivity analysis produced a range from /$/3.20 to /$/6.62 per /$/1, depending on assumptions about benefit materialization; financial value of participants' time; and length of sustained benefit. DISCUSSION(S): To our knowledge, this is the first study applying SROI to an arts intervention for people with dementia. Arts-based activities appear to provide a positive SROI under a range of assumptions. IMPLICATIONS: Decision makers are increasingly seeking wider forms of economic evidence surrounding the costs and benefits of activities. This analysis is useful for service providers at all levels, from local government to care homes. Copyright Â© The Author(s) 2018. Published by Oxford University Press on behalf of The Gerontological Society of America.",FALSE,"Published in 2018, outside 2019-2025 range",English,2018,1
J875,2019,"A Narrative Review of Intensive Group Tobacco Treatment: Clinical, Research, and US Policy Recommendations","Clinical practice guidelines recommend comprehensive treatment for tobacco dependence including pharmacotherapies and behavioral interventions. Group counseling may deliver unique treatment aspects not available with other modalities. This manuscript provides a narrative review of group treatment outcomes from real-world practice settings and complements recent meta-analyses of randomized controlled trials (RCTs). Our primary goals were to determine whether group treatments delivered in these settings have yielded similar quit rates compared to individual treatment and to provide recommendations for best practices and policy. Method(s): Group treatment was defined as occurring in a clinical or workplace setting (ie, not provided as part of a research study), led by a professionally trained clinician, and offered weekly over several weeks. English language PubMed articles from January 2000 to July 2017 were searched to identify studies that included outcomes from both group and individual treatment offered in real-world settings. Additional data sources meeting our criteria were also included. Reports not using pharmacotherapy and research studies (eg, RCTs) were excluded. The primary outcome was short-term, carbon monoxide (CO)-validated point prevalence abstinence (4-week postquit date). Result(s): The review included data from 11 observational studies. In all cases, group treatment(s) had higher 4-week CO-validated quit rates (range: 35.5%-67.3%) than individual treatment(s) (range: 18.6%-53.3%). Conclusion(s): Best practice group treatments for tobacco dependence are generalizable from research to clinical settings and likely to be at least as effective as intensive individual treatment. The added advantages of efficiency and cost-effectiveness can be significant. Group treatment is feasible in various settings with good results. Implications: A major barrier to achieving high rates of tobacco abstinence is under-utilization of evidence-based treatment interventions. This review demonstrates the effectiveness and utility of group treatment for tobacco dependence. Based on the available data described in this narrative review in conjunction with existing RCT data, group treatment for tobacco dependence should be established and available in all behavioral health and medical settings. Group tobacco treatment is now one of the mandated reimbursable tobacco treatment formats within the US health care system, creating enormous opportunities for widespread clinical reach. Finally, comprehensive worksite group programs can further extend impact. Copyright Â© 2018 The Author(s) 2018. Published by Oxford University Press on behalf of the Society for Research on Nicotine and Tobacco. All rights reserved.",FALSE,"Published in 2018, outside the 2019-2025 range",English,2018,1
J1840,2020,Economic evaluation of vancomycin-resistant enterococci (VRE) control practices: a systematic review,"Preventing vancomycin-resistant enterococci (VRE) infection is a healthcare priority. However, the cost-effectiveness of VRE control interventions is unclear. The aim of this study was to synthesize evidence on economic evaluation of VRE control practices such as screening, contact precautions, patient cohorting, and others. The literature was searched from January 1985 to June 2018, and included economic evaluations of VRE control practices in hospital settings, published in English. A total of 4711 articles were screened; nine primary studies met our criteria. All studies evaluated some form of VRE screening and contact precautions, in populations ranging from single hospital wards (or select patient groups) to multiple healthcare facilities. There was significant variability in the interventions and comparisons used. Most studies (N = 7) conducted a cost-effectiveness analysis; two studies were cost-consequence studies. All economic evaluations were from the hospital perspective. Four studies found implementing enhanced VRE-specific control practices to be cost-effective/cost-saving and two studies found that discontinuing VRE-specific control practices was not cost-effective. Three studies found decreasing VRE-specific control practices to be cost-effective/cost-saving. The quality of the included studies was generally low according to the Joanna Briggs Institute (JBI) checklist for economic evaluations; major limitations included risks of bias in intervention effect estimates, and a lack of sensitivity analyses. Most studies show that some form of VRE screening and use of Contact Precautions is cost-effective. The low study quality and heterogeneity of interventions and comparators precludes definitive conclusions about the cost effectiveness of specific VRE control interventions. Additional high-quality economic evaluations are needed to strengthen the available evidence. Copyright Â© 2019",FALSE,"Published in 2019, outside inclusion range",English,2019,1
J982,2019,NICE guidance on Spondyloarthritis for over 16s: management and research recommendations relevant to physiotherapists,"Purpose: Spondyloarthritis is an inflammatory condition affecting joints (including the spine) and tendons that can cause disabling pain and fatigue, impacting significantly on quality of life, work and psychological wellbeing. Longer-term complications include cardiovascular disease and osteoporosis. Physiotherapy has been considered key in the management of spondyloarthritis. A systematic review was undertaken on the effectiveness of physiotherapy interventions including manual therapy, exercise programmes, hydrotherapy, acupuncture and physical aids to guide practice, service delivery and support self-management. Method(s): Guideline development followed standard NICE guideline methodology. Quality ratings of evidence were based on GRADE methodology. Where standard methodology could not be applied, customised quality assessments were undertaken as narrative summaries or customised GRADE tables. Recommendations were developed by a multispecialty committee including people with spondyloarthritis. Drafts underwent rigorous review by stakeholder organisations and comments were considered when producing the final version. Result(s): NICE recommends referring people with axial spondyloarthritis to a specialist physiotherapist to start an individualised, structured exercise programme. This programme should include: stretching, strengthening and postural exercises; deep breathing; spinal extension; range of motion exercises for the lumbar, thoracic and cervical sections of the spine; aerobic exercise. The guidance also recommends considering hydrotherapy as an adjunctive therapy to manage pain and maintain or improve function for people with axial spondyloarthritis. Advising people with axial spondyloarthritis that they may be prone to fracture and should consult a healthcare professional following falls or physical trauma is also recommended, especially if they experience increased musculoskeletal pain. Referring people with spondyloarthritis, who have difficulties with everyday activities, including activities at work, to a specialist therapist (such as a physiotherapist, occupational therapist, hand therapist, orthotist or podiatrist) should also be considered. The therapist should assess people's needs, provide advice about physical aids and arrange periodic reviews to assess people's changing needs. Conclusion(s): NICE recommends referral to specialist physiotherapy for the management of axial spondyloarthritis and to consider aquatic physiotherapy as an adjunct therapy. There was little evidence on managing peripheral spondyloarthritis or on the benefits of manual therapy alone or acupuncture. Research recommendations include evaluating the long-term effectiveness and cost-effectiveness of manual therapy and structured exercise programmes (as stand-alone interventions) compared to usual care for both axial and peripheral spondyloarthritis; different care delivery strategies; acupuncture (as standardly performed in the UK) versus sham; short- and long-term effectiveness and cost-effectiveness of aquatic physiotherapy (including hydrotherapy pool compared to standard swimming pool). Research has been predominantly in ankylosing spondylitis and often established disease. Further research is needed in peripheral spondyloarthritis and on the benefits of interventions in early disease, during flares and when there are extra-articular considerations including skin or bowel involvement. Implications: This guidance is important in ensuring that people with axial spondyloarthritis have access to specialist physiotherapy and aquatic therapy for supporting management. The recommendations provide standards for care that can underpin staffing, structuring services and commissioning pathways. Funding acknowledgements: The guideline development was funded by the NICE Institute of Health and Care Excellence. Carol McCrum was a member of the guideline development committee (non-monetary) and has been awarded a three-year NICE Fellowship to raise awareness and support the implementation of this guideline into practice. This role is supported by East Sussex Healthcare NHS Trust. The views expressed are those of the author and not necessarily those of NICE. Copyright Â© 2018",FALSE,"Copyright date is 2018, outside inclusion range",English,2018,1
J4592,2023,Cost-effectiveness modelling of three different hysterosalpingography diagnostic strategies in addition to standard fertility management for couples with unexplained infertility in the United Kingdom,"Previous studies have demonstrated hysterosalpingography (HSG) in general, and specifically with an oil-soluble contrast medium, directly increases pregnancy rates. Decision modelling was performed to compare fertility management using three HSG diagnostic strategies: (i) water-soluble contrast medium (WSCM)-HSG; (ii) Lipiodol Ultra Fluid (LUF)-HSG; and (iii) No HSG, for women aged <=39 years with unexplained infertility. Four reimbursement scenarios were modelled to reflect the various funding arrangements across the regions of the United Kingdom. Compared with WSCM-HSG, the live birth rates after 24 months increased by 3.4% with LUF-HSG and decreased by 2.7% with no HSG. From a patient perspective, fertility management with LUF-HSG is the most cost-effective strategy with cost-savings ranging from 299 to 857 per patient depending on the funding arrangement for IVF. From an NHS perspective, fertility management with LUF-HSG is cost-effective when 2 or more IVF cycles are NHS-funded. If none of the IVF cycles are NHS-funded, fertility management with LUF-HSG can be considered cost-effective if society is willing to pay 8,353 for an additional live birth. The findings from this analysis suggest that fertility management with WSCM-HSG is cost-effective compared to no HSG and LUF-HSG is the most cost-effective with increased live birth rates after 24 months. Copyright Â© 2021 The British Fertility Society.",FALSE,Copyright year 2021 suggests publication before 2019-2025.,English,2021,0.9
J4726,2023,Pharmacogenomic Testing for Major Depression: A Qualitative Study of the Perceptions of People with Lived Experience and Professional Stakeholders,"Objectives: With increasing evidence for the clinical utility of pharmacogenomic (PGx) testing for depression, there is a growing need to consider issues related to the clinical implementation of this testing. The perspectives of key stakeholders (both people with lived experience [PWLE] and providers) are critical, but not frequently explored. The purpose of this study was to understand how PWLE and healthcare providers/policy experts (P/HCPs) perceive PGx testing for depression, to inform the consideration of clinical implementation within the healthcare system in British Columbia (BC), Canada. Method(s): We recruited two cohorts of participants to complete individual 1-h, semi-structured interviews: (a) PWLE, recruited from patient and research engagement networks and organizations and (b) P/HCPs, recruited via targeted invitation. Interviews were audiotaped, transcribed verbatim, de-identified, and analysed using interpretive description. Result(s): Seventeen interviews were completed with PWLE (7 with experience of PGx testing for depression; 10 without); 15 interviews were completed with P/HCPs (family physicians, psychiatrists, nurses, pharmacists, genetic counsellors, medical geneticists, lab technologists, program directors, and insurers). Visual models of PWLE's and P/HCP's perceptions of and attitudes towards PGx testing were developed separately, but both were heavily influenced by participants' prior professional and/or personal experiences with depression and/or PGx testing. Both groups expressed a need for evidence and numerous considerations for the implementation of PGx testing in BC, including the requirement for conclusive economic analyses, patient and provider education, technological and clinical support, local testing facilities, and measures to ensure equitable access to testing. Conclusion(s): While hopeful about the potential for therapeutic benefit from PGx testing, PWLE and P/HCPs see the need for robust evidence of utility, and BC-wide infrastructure and policies to ensure equitable and effective access to PGx testing. Further research into the accessibility, effectiveness, and cost-effectiveness of various implementation strategies is needed to inform PGx testing use in BC. Copyright Â© The Author(s) 2022.",FALSE,"Published in 2022, outside the inclusion window.",English,2022,1
J3032,2021,Cost Effectiveness Of Universal Childhood Vaccination Against Hepatitis A,"Introduction. Hepatitis A (HA) is a liver disease with a low mortality rate, but it can cause debilitating symptoms and fulminant hepatitis in some cases. Its incidence is greater in geographical areas with poor sanitation and hygiene. Spain is considered a low-endemicity country, so universal childhood immunization against HA is currently not financed by the National Health System. The aim of this study was to synthesize the scientific evidence on the cost effectiveness of universal childhood vaccination against HA. Methods. Full economic evaluations, published in the English or Spanish languages, were included if they reported outcome measures related to the prevention of HA, adverse effects, or incremental cost-effectiveness ratios (ICERs). The Medline, Embase and Cochrane Library databases were searched for articles published from the beginning of the databases to April 2018. Results. A total of 23 economic evaluations were included: one in a country of high endemicity, nine in countries of intermediate endemicity, and 13 in countries with low endemicity. Only one Spanish study, published in 1997, was found. Studies conducted in high- and intermediate- endemicity countries concluded that a universal childhood vaccination program against HA was a costeffective option. However, in the case of countries with low endemicity the results were heterogeneous, although most agreed that a systematic vaccination strategy would not be a cost-effective option and that the adoption of such a strategy would not be justified given the limited benefits it would offer. The results of the economic evaluations depended on parameters such as the price and duration of the vaccine effect and the program coverage. Conclusions. In countries with low endemicity the results were heterogeneous, although most studies concluded that the implementation of a universal vaccination strategy is not justified from the point of view of cost effectiveness.",FALSE,Published before 2019,English,,0.9
J713,2019,How Do Pharmaceutical Companies Model Survival of Cancer Patients? A Review of NICE Single Technology Appraisals in 2017,"Objectives Before an intervention is publicly funded within the United Kingdom, the cost-effectiveness is assessed by the National Institute of Health and Care Excellence (NICE). The efficacy of an intervention across the patients' lifetime is often influential of the cost-effectiveness analyses, but is associated with large uncertainties. We reviewed committee documents containing company submissions and evidence review group (ERG) reports to establish the methods used when extrapolating survival data, whether these adhered to NICE Technical Support Document (TSD) 14, and how uncertainty was addressed.Methods A systematic search was completed on the NHS Evidence Search webpage limited to single technology appraisals of cancer interventions published in 2017, with information obtained from the NICE Web site.Results Twenty-eight appraisals were identified, covering twenty-two interventions across eighteen diseases. Every economic model used parametric curves to model survival. All submissions used goodness-of-fit statistics and plausibility of extrapolations when selecting a parametric curve. Twenty-five submissions considered alternate parametric curves in scenario analyses. Six submissions reported including the parameters of the survival curves in the probabilistic sensitivity analysis. ERGs agreed with the company's choice of parametric curve in nine appraisals, and agreed with all major survival-related assumptions in two appraisals.Conclusions TSD 14 on survival extrapolation was followed in all appraisals. Despite this, the choice of parametric curve remains subjective. Recent developments in Bayesian approaches to extrapolation are not implemented. More precise guidance on the selection of curves and modelling of uncertainty may reduce subjectivity, accelerating the appraisal process. Copyright Â© Cambridge University Press 2019.",FALSE,Published in 2019 but focuses on 2017 data.,English,2019,0.9
J2061,2020,"Infant Hospitalizations and Fatalities Averted by the Maternal Pertussis Vaccination Program in England, 2012-2017: Post-implementation Economic Evaluation","In October 2012, a maternal pertussis vaccination program was implemented in England following an increased incidence and mortality in infants. We evaluated the cost-effectiveness of the program by comparing pertussis-related infant hospitalizations and deaths in 2012-2017 with nonvaccination scenarios. Despite considerable uncertainties, findings support the cost-effectiveness of the program. Copyright Â© 2020 Crown copyright 2020.",FALSE,Published before 2019,English,2020,1
J1892,2020,Reducing health inequalities in England: does the demise of NHS Stop Smoking Services matter? Analysis of mandatory monitoring data,"BACKGROUND: Tobacco smoking is a key cause of mortality, morbidity and health inequalities. The unprecedented English health inequalities strategy (1999-2010) sought to reduce health inequalities, by, in part, instigating NHS Stop Smoking Services (SSS), initially targeted in deprived 'Spearhead' localities. Performance of SSS is assessed here in light of its role supporting the strategy, which evidence suggests achieved a reduction in health inequalities. METHOD(S): SSS enrolment and four-week quits in Spearhead and non-Spearhead localities were compared during and after the strategy period, using regression models and routine monitoring data. Changes in SSS expenditure were estimated. RESULT(S): After similar increases in enrolment and quits between Spearhead and other localities between 2003/4 and 2008/9, SSS in Spearhead localities experienced a 2-fold better rate of improvement in enrolment and quit performance over the 4 years to 2011/12. Since 2011/12, SSS have dramatically reduced, and expenditure had fallen by half in Spearhead localities by 2016/17. CONCLUSION(S): SSS, particularly in Spearhead localities, were expanded up to 2011/12, and this broadly coincides with the reduction in health inequalities. This suggests that although SSS did not achieve the scale anticipated, they have important potential, and the current demise of SSS should not be tolerated. Copyright Â© The Author(s) 2018. Published by Oxford University Press on behalf of Faculty of Public Health. All rights reserved. For permissions, please e-mail: journals.permissions@oup.com.",FALSE,"Published in 2018, outside the date range",English,2018,1
J517,2019,The health economics of ankle and foot sprains and fractures: A systematic review of English-language published papers. Part 2: The direct and indirect costs of injury,"Background: Ankle and foot sprains and fractures are prevalent injuries, which may result in substantial physical and economic consequences for the patient and place a financial burden on the health care system. Therefore, the objectives of this paper are to examine the direct and indirect costs of treating ankle and foot injuries (sprains, dislocations, fractures), as well as to provide an overview of the outcomes of full economic analyses of different treatment strategies. Method(s): A systematic review was carried out among seven databases to identify English language publications on the health economics of ankle and foot injury treatment published between 1980 and 2014. The direct and indirect costs were abstracted by two independent reviewers. All costs were adjusted for inflation and reported in 2016 US dollars (USD). Result(s): Among 2047 identified studies, 32 were selected for analysis. The direct costs of ankle sprain management ranged from $292 to $2268 per patient (2016 USD), depending on the injury severity and treatment strategy. The direct costs of managing ankle fractures were higher ($1908-$19,555). Foot fracture treatment had similar direct costs ranging from $998 to $21,801. The economic evaluations were conducted from the societal or payer's perspectives. Conclusion(s): The costs of treating ankle and foot sprains and fractures varied among the studies, mostly due to differences in injury type and study characteristics, which impacted the ability of directly comparing the financial burden of treatment. Nonetheless, the review showed that the costs experienced by the patient and the health care system increased with injury complexity. Copyright Â© 2017 Elsevier Ltd",FALSE,Publication year is before 2019,English,2017,1
J730,2019,Evidence-based pediatric asthma interventions and outcome measures in a healthy homes program: An integrative review,"Objective: Asthma disproportionately impacts and has poorer outcomes in low-income, minority, and inner-city children. The home environment has a profound impact on a child's asthma. Home-based asthma visits have the potential to positively impact a child's asthma, especially in targeted populations. The purpose of this integrative review is 1.) to explore the effectiveness of home-based education and environmental measures and 2.) to explore specific indicators and tools to measure pediatric asthma control and program effectiveness. Data Sources: Medline, CINHAL, and Ovid databases were searched from 2010 to 2017 utilizing the keywords healthy homesANDasthma and home based interventionsANDasthma. Study Selections: A total of 71 articles were retrieved of which 27 articles met the inclusion criteria of English language, human subjects, and the inclusion of pediatric populations. Three additional articles were hand-searched from previous references. In total, 30 articles were reviewed. A quality appraisal was conducted utilizing standardized appraisal tools. Result(s): Home-based asthma education and environmental interventions have proven to be effective. The programs reviewed varied in types of interventions, intensity and duration, the type of provider, length of follow-up, and outcome measures. Successful programs were patient-centered, included a home assessment and individualized education and interventions, and were collaborative. Multiple outcome indicators such as health care utilization, asthma control, missed days of school or productivity, asthma symptoms, and verification of environmental remediation have been utilized. Conclusion(s): Home-based asthma programs can be beneficial to children with poorly controlled asthma and have the potential to be cost-effective. Copyright Â© 2018, Â© 2018 Taylor & Francis Group, LLC.",FALSE,"Published in 2018, outside 2019-2025 range",English,2018,1
J1170,2019,A Systematic Review of Cost-Effectiveness Analyses of Left Ventricular Assist Devices: Issues and Challenges,"Background: Advanced heart failure (HF) can be treated conservatively or aggressively, with left ventricular assist devices (LVADs) and heart transplant (HT) being the most aggressive strategies. Objective(s): The goal of this review was to identify, describe, critique and summarize published cost-effectiveness analyses on LVADs for adults with HF. Method(s): We conducted a literature search using PubMed and ProQuest DIALOG databases to identify English-language publications from 2006 to 2017 describing cost-effectiveness analyses of LVADs and reviewed them against inclusion criteria. Those that met criteria were obtained for full-text review and abstracted if they continued to meet study requirements. Result(s): A total of 12 cost-effectiveness studies (13 articles) were identified, all of which described models; they were almost evenly split between those examining LVADs as destination therapy (DT) or as bridge to transplant (BTT). Studies were Markov or semi-Markov models with one- or three-month cycles that followed patients until death. Inputs came from a variety of sources, with the REMATCH trial and INTERMACS registry common clinical data sources, although some publications also used data from studies at their own institutions. Costs were derived from standard sources in many studies but from individual hospital data in some. Inputs for health utilities, which were used in 11 of 12 studies, were generally derived from two studies. None of the studies reported a societal perspective, that is, included non-medical costs such as caregiving. Conclusion(s): No study found LVADs to be cost effective for DT or BTT with base case assumptions, although incremental cost-effectiveness ratios met thresholds for cost effectiveness in some probabilistic analyses. With constant improvements in LVADs and expanding indications, understanding and re-evaluating the cost effectiveness of their use will be critical to making treatment decisions. Copyright Â© 2018, Springer Nature Switzerland AG.",FALSE,Copyright indicates publication in 2018.,English,,0.9
J1902,2020,The characteristics and impact of hard-to-heal wounds: Results of a standardised survey,"The effective management of hard-to-heal wounds has increasingly important implications for those who provide wound care services within healthcare systems. The burden of wounds in the population continues to grow, as does the demand for wound care, against a backdrop of cost constraints and increasing expectations. The need to improve both outcomes and efficiency in wound care is therefore paramount and the time taken to heal wounds is an important factor in determining both. Survey methodology was used to collect data across 10 community wound care providers in the UK, Ireland, Finland, Norway and Denmark between February and August 2017. This allowed for analysis of wounds and their characteristics, dressing selection and nursing practice across a typical wound caseload. Data from 1057 wounds demonstrates that the characteristics and consequences of hard-to-heal wounds are different from improving wounds. However, wounds are, in general, treated in the same way, irrespective of whether they are hard-to-heal or improving, suggesting that the healing status of a wound is not a major factor in treatment selection. Early intervention to return hard-to-heal wounds to a healing trajectory may be a useful approach to improving efficiency in wound care. Declaration of interest: TS and RS are employees of Smith&Nephew. Copyright Â© 2018 MA Healthcare ltd",FALSE,"Published in 2018, outside the date range",English,2018,1
J577,2019,Screening for Latent Tuberculosis Infection in Migrants With CKD: A Cost-effectiveness Analysis,"Rationale & Objective: In countries with a low tuberculosis (TB) incidence, TB disproportionately affects populations born abroad. TB persists in these populations through reactivation of latent TB infection (LTBI) acquired before immigration. Those with chronic kidney disease (CKD) are at increased risk for reactivation and may benefit from LTBI screening and treatment. Study Design: Health administrative data from British Columbia, Canada, were used to inform a cost-effectiveness analysis evaluating LTBI screening in those diagnosed with stage 4 or 5 CKD not requiring dialysis (late-stage CKD) and those who began dialysis therapy. Setting & Population: Permanent residents establishing residency in British Columbia, Canada, between 1985 and 2012 who had late-stage CKD diagnosed or began dialysis therapy. Intervention(s): Screening with the tuberculin skin test or interferon-gamma release assay (IGRA) compared to no LTBI screening at the time of late-stage CKD diagnosis and time of dialysis therapy initiation. Treatment for those who tested positive was isoniazid for 9 months. Outcome(s): Costs (2016 Can $), TB cases, and quality-adjusted life-years (QALYs). The incremental cost-effectiveness ratio for QALYs gained was calculated. Model, Perspective, & Timeframe: Discrete event simulation model using a health care system perspective, 1.5% discount rate, and 5-year time horizon. Result(s): Screening with IGRA was superior to the tuberculin skin test in all situations. Screening with IGRA was less expensive and resulted in better outcomes compared to no screening in those initiating dialysis therapy from countries with an elevated TB incidence. In individuals with late-stage CKD, screening with IGRA was only cost-effective in those 60 years or older (cost per QALY gained, <$48,000) from countries with an elevated TB incidence. Limitation(s): This study has limitations in generalizability to different epidemiologic settings and in modeling complicated clinical decisions. Conclusion(s): LTBI screening should be considered in non-Canadian-born residents initiating dialysis therapy and those with late stage CKD who are older. Copyright Â© 2018 National Kidney Foundation, Inc.",FALSE,Copyright indicates publication in 2018.,English,2018,1
J3544,2022,Increased versus stable doses of inhaled corticosteroids for exacerbations of chronic asthma in adults and children,"- Background People with asthma may experience exacerbations, or 'attacks', during which their symptoms worsen and additional treatment is required. Written action plans sometimes advocate a shortâ€term increase in the dose of inhaled corticosteroids (ICS) at the first sign of an exacerbation to reduce the severity of the attack and to prevent the need for oral steroids or hospital admission. Objectives To compare the clinical effectiveness and safety of increased versus stable doses of ICS as part of a patientâ€initiated action plan for the home management of exacerbations in children and adults with persistent asthma. Search methods We searched the Cochrane Airways Group Specialised Register, which is derived from searches of the Cochrane Central Register of Controlled Trials (CENTRAL), MEDLINE, Embase, and CINAHL (Cumulative Index to Nursing and Allied Health Literature), and handsearched abstracts to 20 December 2021. We also searched major trial registries for ongoing trials. Selection criteria We included parallel and crossâ€over randomised controlled trials (RCTs) that allocated people with persistent asthma to take a blinded inhaler in the event of an exacerbation which either increased their daily dose of ICS or kept it stable (placebo). Data collection and analysis Two review authors independently selected trials, assessed quality, and extracted data. We reassessed risk of bias for all studies at the result level using the revised risk of bias tool for RCTs (Risk of Bias 2), and employed the GRADE approach to assess our confidence in the synthesised effect estimates. The primary outcome was treatment failure, defined as the need for rescue oral steroids in the randomised population. Secondary outcomes were treatment failure in the subset who initiated the study inhaler (treated population), unscheduled physician visits, unscheduled acute care, emergency department or hospital visits, serious and nonâ€serious adverse events, and duration of exacerbation. Main results This review update added a new study that increased the number of people in the primary analysis from 1520 to 1774, and incorporates the most upâ€toâ€date methods to assess the likely impact of bias within the metaâ€analyses. The updated review now includes nine RCTs (1923 participants; seven parallel and two crossâ€over) conducted in Europe, North America, and Australasia and published between 1998 and 2018. Five studies evaluated adult populations (n = 1247; â‰¥ 15 years), and four studies evaluated child or adolescent populations (n = 676; < 15 years). All study participants had mild to moderate asthma. Studies varied in the dose of maintenance ICS, age, fold increase of ICS in the event of an exacerbation, criteria for initiating the study inhaler, and allowed medications. Approximately 50% of randomised participants initiated the study inhaler (range 23% to 100%), and the included studies reported treatment failure in a variety of ways, meaning assumptions were required to permit the combining of data. Participants randomised to increase their ICS dose at the first signs of an exacerbation had similar odds of needing rescue oral corticosteroids to those randomised to a placebo inhaler (odds ratio (OR) 0.97, 95% confidence interval (CI) 0.76 to 1.25; 8 studies; 1774 participants; I 2 = 0%; moderate quality evidence). We could draw no firm conclusions from subgroup analyses conducted to investigate the impact of age, time to treatment initiation, baseline dose, smoking history, and fold increase of ICS on the primary outcome. Results for the same outcome in the subset of participants who initiated the study inhaler were unchanged from the previous version, which provides a different point estimate with very low confidence due to heterogeneity, imprecision, and risk of bias (OR 0.84, 95% CI 0.54 to 1.30; 7 studies; 766 participants; I 2 = 42%; randomâ€effects model). Confidence was reduced due to risk of bias and assumptions that had to be made to include study data in the intentionâ€toâ€treat and treatedâ€population nalyses. Sensitivity analyses that tested the impact of assumptions made for synthesis and to exclude crossâ€over studies, studies at overall high risk of bias, and those with commercial funding did not change our conclusions. Pooled effects for unscheduled physician visits, unscheduled acute care, emergency department or hospital visits, and duration of exacerbation made it very difficult to determine where the true effect may lie, and confidence was reduced by risk of bias. Point estimates for both serious and nonâ€serious adverse events favoured keeping ICS stable, but imprecision and risk of bias due to missing data and outcome measurement and reporting reduced our confidence in the effects (serious adverse events: OR 1.69, 95% CI 0.77 to 3.71; 2 studies; 394 participants; IÂ² = 0%; nonâ€serious adverse events: OR 2.15, 95% CI 0.68 to 6.73; 2 studies; 142 participants; IÂ² = 0%). Authors' conclusions Evidence from doubleâ€blind trials of adults and children with mild to moderate asthma suggests there is unlikely to be an important reduction in the need for oral steroids from increasing a patient's ICS dose at the first sign of an exacerbation. Other clinically important benefits and potential harms of increased doses of ICS compared with keeping the dose stable cannot be ruled out due to wide confidence intervals, risk of bias in the trials, and assumptions that had to be made for synthesis. Included studies conducted between 1998 and 2018 reflect evolving clinical practice and study methods, and the data do not support thorough investigation of effect modifiers such as baseline dose, fold increase, asthma severity and timing. The review does not include recent evidence from pragmatic, unblinded studies showing benefits of larger dose increases in those with poorly controlled asthma. A systematic review is warranted to examine the differences between the blinded and unblinded trials using robust methods for assessing risk of bias to present the most complete view of the evidence for decision makers. Plain language summary Increasing the dose of inhaled steroids or continuing the usual dose to treat asthma attacks in adults and children Key messages People who follow an action plan to take an inhaler containing an increased dose inhaled corticosteroids at the start of an asthma attack instead of a stable dose are probably as likely to worsen and need oral steroids. Other benefits and harms are uncertain, but overall studies that used 'blinded inhalers' so participants and staff were unaware of who received an increased dose did not suggest a benefit for people with mild to moderate asthma. It should be noted that more favourable results for poorly controlled asthma have been found in recent studies that were not eligible for this review because blinded inhalers were not used. What is asthma? Asthma is a common, longâ€term lung condition that causes cough, shortness of breath, and wheezing. People with asthma often experience shortâ€term worsening of symptoms known as exacerbations, or 'attacks', that range from mild to lifeâ€threatening. Why is this important for people with asthma? Asthma attacks are frightening for people with asthma and often require urgent treatment at home or in hospital. Knowing how best to control asthma attacks at the first sign of symptoms is important to avoid the need for oral steroids or emergency treatment in hospital. Inhaled corticosteroids are a common treatment for asthma that are taken daily to reduce the likelihood of attacks occurring. Written action plans are given to people with asthma to tell them what to do if their symptoms do worsen, and these sometimes recommend a shortâ€term increase in the dose of inhaled corticosteroids to get symptoms back under control. What did we want to find out? We looked at whether increasing the dose of inhaled corticosteroids when asthma symptoms worsen reduces the need for further treatment, and if there are any harms with doing so. What did we do? We looked for all studies that randomly allocated people with asthma taking a daily inha ed corticosteroid to take a blinded inhaler if their symptoms worsened. The blinded inhaler either increased their usual dose of inhaled corticosteroid or kept it the same. We were interested in whether fewer people allocated to receive an increased dose went on to have an asthma attack. We measured asthma attacks in two ways: those needing a course of oral steroids, and those needing urgent care in the emergency department or in hospital. We also looked at whether the increased inhaled corticosteroids doses led to more adverse events compared with a stable dose. We conducted broad searches, and two researchers independently evaluated studies to judge if they should be included. We recorded information about the studies, participants, and treatment strategies. We used the latest methods for bringing the results together and assessing how much each study result could be trusted. We rated each combined result as high, moderate, low, or very low quality, depending on how confident we were that it was reliable. What did we find? We included nine randomised controlled trials (studies where participants are randomly assigned to one of two or more treatment groups) of people with mild to moderate asthma. Five studies looked at adults, and four looked at children. People who were given the inhaler with an increased dose of inhaled corticosteroid were about as likely to get worse and need a course of oral corticosteroids as those who were given an inhaler with a placebo (dummy treatment) or their usual dose. We have moderate confidence in this main result, but it was much more difficult to tell whether there was a benefit of a dose increase for other types of unscheduled care (seeing a doctor or going to hospital) or for reducing the duration of the attack. The results for adverse events suggest that it may be safer to keep inhaled corticosteroids stable, but we had very low confidence in the results. What are the limitations of the evidence? Studies varied in the dose of inhaled corticosteroids people were taking at the start of the study, how much the dose was increased in the treatment group, when and how people were told to start the inhaler, and what other medicines they were allowed to take. Only about half the participants actually needed to take the study inhaler, and when we looked just at those people, it appeared that there might be a small benefit, but we had very low confidence because the study results varied and there was a high risk of bias. Whilst not many people needed to go to hospital or visit the emergency department during the course of the studies, this made it difficult to tell if a shortâ€term increase in inhaled corticosteroids is worthwhile, and our confidence in the evidence was low or very low. Studies did not report harms consistently, and the combined results were very uncertain. How upâ€toâ€date is this evidence? The review is current to 20 December 2021, and the studies were published between 1998 and 2018.",FALSE,Publication year is before 2019.,English,2018,1
J1985,2020,Improving patient pathways in head and neck cancer at a UK Cancer Centre. Results of a dietetic pre-treatment project (DPP),"The UK evidence-based practice guidelines for the nutritional management of patients with head and neck cancer [1] state that all head and neck cancer patients should be screened at diagnosis to identify those at nutritional risk and then repeated at intervals through each stage of treatment i.e. surgery, radiotherapy/chemotherapy, and post treatment. Patients with head and neck cancer should be nutritionally screened using a validated screening tool. Those at high risk should be referred to the dietitian for early intervention. Treatment for malnutrition and appropriate nutritional support should be offered without delay given the potential adverse impact on patient-reported, financial and clinical outcomes. Pre-treatment assessment should be offered, as intervention aims to improve, maintain or reduce decline in nutritional status of head and neck cancer patients who have malnutrition or are at risk of malnutrition. Patients identified as well-nourished at baseline but whose treatment may impact on their future nutritional status should receive dietetic assessment and intervention at any stage of the pathway. The aim of the DPP was to pilot a new dietetic pathway using a validated screening tool, Nutriscore [2]. Head and neck patients had their nutritional status assessed earlier in their treatment pathway and if at high risk, were assessed and treated by a dietitian before they commenced radical radiotherapy or chemoradiotherapy treatment. Any patient that generated a Nutriscore of 5 or more; had a feeding tube in situ; or a body mass index of <18.5 was offered a pre-treatment appointment with the dietitian. A validated head and neck symptom checklist [3] was used to measure symptoms impacting on nutrition. Additionally, hand grip strength was measured to assess muscle strength at the start and on completion of treatment. A total of 317 patients were nutritionally screened using the Nutriscore from February 2018 to November 2018. The results showed that DPP provided improvements in the head and neck pathway. Dietetic referrals increased by 22% and emergency admissions for nutritional issues (tube feeding, poor oral intake or weight loss) reduced by 22% during the DPP project. Patient satisfaction was evaluated after the DPP pre-treatment appointment and again at the end with 93% of patients giving the project the highest rating. The project was cost effective and generated income of 1500, after deductions for staffing costs to run the project. However, it is important to note this did not include cost savings from reducing hospital admissions. The results of the project demonstrated: 1) An increase (22% improvement) in the number of patients referred to the dietetic service (77% in 2017, versus 94% in 2018) 2) Low hand grip score, which worsened during treatment. Further investigation is warranted. 3) A 22% reduction in emergency admissions due to nutritional issues. 4) The need for further research to investigate low grip strength and progressive resistance training, and high protein oral nutritional supplements, during radiotherapy and chemoradiotherapy. 5) Evidence for the development of a new dietetic pathway. References 1. Talwar, B., Donnelly R ET al. UK National multidisciplinary guidelines. The Journal of Laryngology and Otology. Head and neck cancer. May 2016, Volume 130 Number S2. 2. Arribas, L. et al. Nutriscore. A new nutritional screening tool for oncological outpatients. Nutrition. 2017. 33: 297-303. 3. Kubrak, C, Olson K, Baracos V. The Head and Neck Symptom Checklist. An instrument to evaluate nutrition impact symptoms effect on energy intake and weight loss. Supportive Care in Cancer. 2013. 21. 3127-3136. Copyright Â© 2019",FALSE,"Published in 2019, outside inclusion window",English,2019,1
J394,,Buprenorphine-Naloxone Film Versus Tablets for Opioid Use Disorder,"<b>WHAT IS THE ISSUE?</b>: Medication for opioid use disorder is essential for reducing cravings, withdrawal symptoms, and facilitating recovery, with buprenorphine being preferred over methadone by health care providers and people with opioid use disorder due to its lower overdose risk and perceived lower side effect profile. In Canada, buprenorphine is available in various formulations, including buprenorphine-naloxone (BUP-NAL), commonly chosen for its safety benefits and convenience. Sublingual buprenorphine-naloxone films offer faster dissolution and potentially other benefits compared to sublingual tablets, evaluating their comparative clinical and cost-effectiveness is important as they become more widely available.
<b>WHAT DID WE DO?</b>: To inform decisions about the appropriate selection of BUP-NAL formulations for treating individuals with opioid use disorder, CADTH sought to identify and summarize literature comparing the clinical effectiveness and cost-effectiveness of sublingual BUP-NAL films versus tablets. We also attempted to identify evidence-based recommendations for the use of BUP-NAL film. A research information specialist conducted a literature search of the peer-reviewed and grey literature with a search strategy focused on sublingual BUP-NAL. The search was limited to English-language documents published since January 1, 2018. One reviewer screened articles for inclusion based on predefined criteria, critically appraised the included study, and narratively summarized the findings.
<b>WHAT DID WE FIND?</b>: Sublingual BUP-NAL films may have lower abuse rates compared to sublingual BUP-NAL tablets among people who seek treatment at substance abuse treatment centres or who present needing medical advice or treatment for intentional misuse or abuse of potentially toxic substances, including opioids (1 study). We did not find any clinical effectiveness studies that assessed aspects related to drug ingestion, drug abuse cessation, treatment programs, health-related quality of life, mental health or safety of BUP-NAL films or tablets that met our criteria for this review. We did not find any studies on cost-effectiveness or evidence-based guidelines of sublingual BUP-NAL films or tablets that met our criteria for this review.
<b>WHAT DOES IT MEAN?</b>: Limited evidence from this review suggests that sublingual BUP-NAL films may lead to lower substance abuse rates compared to sublingual BUP-NAL tablets among people with OUD; however, we require more comprehensive research with rigorous methodological approaches to understand this topic better. Considering the low abuse potential for BUP-NAL film, decision-makers may wish to use this formulation in settings where the potential for substance abuse is high.",FALSE,Publication year is unknown,English,,0.8
J1088,2019,Lessons for 'large-scale' general practice provider organisations in England from other inter-organisational healthcare collaborations,"Policymakers in England are increasingly encouraging the formation of 'large-scale' general practice provider collaborations with the expectation that this will help deliver better quality services and generate economies of scale. However, solid evidence that these expectations will be met is limited. This paper reviews evidence from other inter-organisational healthcare collaborations with similarities in their development or anticipated impact to identify lessons. Medline. SSCI, Embase and HMIC database searches identified a range of initiatives which could provide transferable evidence. Iterative searching was undertaken to identify further relevant evidence. Thematic analysis was used to identify areas to consider in the development of large-scale general practice providers. Framework analysis was used to identify challenges which may affect the ability of such providers to achieve their anticipated impact. A narrative approach was used to synthesise the evidence. Trade-offs exist in 'scaling-up' between mandated and voluntary collaboration; networks versus single organisations; small versus large collaborations; and different types of governance structures in terms of sustainability and performance. While positive impact seems plausible, evidence suggests that it is not a given that clinical outcomes or patient experience will improve, nor that cost savings will be achieved as a result of increasing organisational size. Since the impact and potential unintended consequences are not yet clear, it would be advisable for policymakers to move with caution, and be informed by ongoing evaluation. Copyright Â© 2018",FALSE,Copyright date suggests publication before 2019,English,2019,0.9
J3090,2021,Upper gastrointestinal endoscopy procedure time is associated with detection of clinically significant disease despite suboptimal performance,"Background and Aims: Upper gastrointestinal endoscopy (UGIE) is a widely used diagnostic and therapeutic procedure, and quality assurance is crucial to ensure safety, efficacy, and cost-effective resource utilization. In colonoscopy, adenoma detection rate has been implemented as a quality indicator. An equivalent surrogate marker of quality in upper endoscopy is challenging because of the wide spectrum of conditions detected on screening gastroscopy. In recent years, the European Society of Gastrointestinal Endoscopy (ESGE) has published key and minor performance measures for gastroscopy, and the British Society of Gastroenterology (BSG) has proposed recommendations for endoscopic diagnosis and management of upper gastrointestinal disorders. Although there are studies showing association between procedure time and biopsy rate with detection of neoplasms in UGIE, there are no studies evaluating detection of premalignant disease. The ESGE and BSG guidelines have not been evaluated in clinical practice, and there are no Australian guidelines on quality of UGIE. We therefore aimed to evaluate the rate of detection of clinically important upper gastrointestinal disease Barrett's esophagus (BE), esophageal squamous dysplasia (SD), and gastric intestinal metaplasia (GIM) in routine diagnostic UGIE; adherence to ESGE performance measures and BSG guidelines; and the association between adherence to these metrics and the rate of detection of clinically important upper gastrointestinal disease. Method(s): This was a retrospective observational study conducted at a tertiary hospital endoscopy unit over a 12-month period between July 2018 and July 2019. All gastroenterologists and upper gastrointestinal surgeons who perform diagnostic gastroscopy in the endoscopy suite were included. Patient demographics and procedural information were extracted from electronic medical records. Endoscopic findings, including use of imaging adjuncts and endoscopic images, were recorded from endoscopy reports. Corresponding histology reports were reviewed to record biopsy practices and histological diagnoses. We analyzed the proportion of UGIE procedures adhering to key and minor ESGE performance measures and BSG recommendations with strong grade of evidence and panel agreement. Result(s): A total of 1699 diagnostic gastroscopy procedures in 1559 patients (52% male; median age, 60 years) performed by 44 endoscopists were analyzed. The prevalence of new diagnoses of BE, SD, and GIM were 2.7%, 0.1%, and 6%, respectively. The median procedure time for examinations without biopsies was 6 min (range, 2-40; IQR, 4) and with biopsies, 8 min (range, 2-40; IQR, 5). The median number of routine photos of anatomical landmarks was three, with most endoscopists capturing the gastroesophageal junction (72%), fundus (70%), antrum (67%), and second part of the duodenum (69%). Seattle protocol biopsy specimens were obtained in 65% of procedures (72/133) with endoscopic diagnosis of BE. Lugol chromoendoscopy was performed in 6% of patients (9/143) at high risk of esophageal squamous cell carcinoma. Sydney protocol biopsy specimens were obtained in 35% of cases (55/155) at high risk of GIM. On multivariate analyses, the only ESGE performance measure associated with higher rate of detection of all premalignant diseases was longer procedure time (median, 10 min vs 8 min; odds ratio [OR], 1.09; 95% CI, 1.03-1.15). Adherence to Seattle protocol was associated with higher rates of detection of BE (OR, 3.1; 95% CI, 0.37-25.6). Adherence to the Management of Precancerous lesions of Stomach (MAPS) protocol was not associated with increased detection of GIM, but a higher number of gastric biopsies was associated with detection of GIM (8 vs 3; OR, 1.69; 95% CI, 1.49-1.91), in concordance with our finding that 95% of GIM diagnoses were not endoscopically diagnosed but detected on random biopsies. The incidence of new SD was too low for statistical analysis with sufficient power. Adherence to BSG guidelines for endoscopic evaluation and reporting of benign upper gastrointestinal conditions was poor. Conclusion(s): This is the first Australian study evaluating adherence to the published quality metrics of UGIE and its association with diagnostic yield. Despite suboptimal adherence to published guidelines, longer procedure time improved detection rates of clinically significant disease. Unlike in colonoscopy, a program for measuring and improving quality metrics in UGIE does not exist.We recommend the development of Australian guidelines and an educational program to improve quality of UGIE.",FALSE,Published outside 2019-2025 range,English,2018,1
J1546,2020,iFuse Implant System for Treating Chronic Sacroiliac Joint Pain: A NICE Medical Technology Guidance,"Treatment and management of sacroiliac joint pain is often non-surgical, involving packages of care that can include analgesics, physiotherapy, corticosteroid injections and radiofrequency ablation. Surgical intervention is considered when patients no longer respond to conservative management. The iFuse Implant System is placed across the sacroiliac joint using minimally invasive surgery, stabilising the joint and correcting any misalignment or weakness that can cause chronic pain. The iFuse system was evaluated in 2018 by the UK National Institute for Health and Care Excellence (NICE) as part of the Medical Technologies Evaluation Programme (MTEP). Clinical evidence for iFuse suggests improved pain, Oswestry disability index (ODI) and quality of life compared to non-surgical management. The company (SI-Bone<sup></sup>) submitted two cost models indicating that iFuse was cost saving compared with open surgery and non-surgical management. Clinicians advised that non-surgical management was the most appropriate comparator and Cedar (a health technology research centre) made changes to the model to test the impact of higher acquisition and procedure costs. Cedar found iFuse to be cost incurring by approximately 560 per patient at 7 years. During the consultation period, the company reduced the cost of some iFuse consumables, and Cedar extended the time horizon to test the assumption that iFuse would become cost saving over time. These changes indicated that iFuse becomes cost saving at 8 years (approximately 129 per patient), after which the cost saving continues to increase. NICE published guidance in October 2018 recommending that the case for adoption of the iFuse system in the UK National Health Service (NHS) was supported by the evidence. Copyright Â© 2019, Springer Nature Switzerland AG.",FALSE,"Published in 2019, outside inclusion range",English,2019,1
J1303,2019,Cost-Effectiveness Studies in the ICU: A Systematic Review,"<b>OBJECTIVES</b>: Cost-effectiveness analyses are increasingly used to aid decisions about resource allocation in healthcare; this practice is slow to translate into critical care. We sought to identify and summarize original cost-effectiveness studies presenting cost per quality-adjusted life year, incremental cost-effectiveness ratios, or cost per life-year ratios for treatments used in ICUs.
<b>DESIGN</b>: We conducted a systematic search of the English-language literature for cost-effectiveness analyses published from 1993 to 2018 in critical care. Study quality was assessed using the Drummond checklist.
<b>SETTING</b>: Critical care units.
<b>PATIENTS OR SUBJECTS</b>: Critical care patients.
<b>INTERVENTIONS</b>: Identified studies with cost-effectiveness analyses.
<b>MEASUREMENTS AND MAIN RESULTS</b>: We identified 97 studies published through 2018 with 156 cost-effectiveness ratios. Reported incremental cost-effectiveness ratios ranged from -$119,635 (hypothetical cohort of patients requiring either intermittent or continuous renal replacement therapy) to $876,539 (data from an acute renal failure study in which continuous renal replacement therapy was the most expensive therapy). Many studies reported favorable cost-effectiveness profiles (i.e., below $50,000 per life year or quality-adjusted life year). However, several therapies have since been proven harmful. Over 2 decades, relatively few cost-effectiveness studies in critical care have been published (average 4.6 studies per year). There has been a more recent trend toward using hypothetical cohorts and modeling scenarios without proven clinical data (2014-2018: 19/33 [58%]).
<b>CONCLUSIONS</b>: Despite critical care being a significant healthcare cost burden there remains a paucity of studies in the literature evaluating its cost effectiveness.",FALSE,Published before 2019,English,2019,1
J1594,2020,"Feasibility, uptake and impact of a hospital-wide tobacco addiction treatment pathway: Results from the CURE project pilot","<b>INTRODUCTION</b>: Providing comprehensive tobacco addiction treatment to smokers admitted to acute care settings represents an opportunity to realise major health resource savings and population health improvements.
<b>METHODS</b>: The CURE project is a hospital-wide tobacco addiction treatment service piloted in Wythenshawe Hospital, Manchester, UK. The core components of the project are electronic screening of all patients to identify smokers; the provision of brief advice and pharmacotherapy by frontline staff; opt-out referral of smokers to a specialist team for inpatient behavioural interventions; and continued support after discharge.
<b>RESULTS</b>: From 01 October 2018 to 31 March 2019, 92% (13,515/14,690) of adult admissions were screened for smoking status, identifying 2,393 current smokers. Of these, 96% were given brief advice to quit by the admitting team. Through the automated 'opt-out' referral process, 61% patients completed inpatient behavioural interventions with a specialist cessation practitioner (69% within the first 48 hours of admission). Overall, 66% of smokers were prescribed pharmacotherapy. Over one in five of all smokers admitted during this pilot reported that they were abstinent from smoking 12 weeks after discharge (22%) at a cost 183 per quit.
<b>DISCUSSION</b>: National implementation of this cost-effective programme would be likely to generate substantial benefits to public health.",FALSE,Published outside 2019-2025 range,English,2018,1
J687,2019,Implications of parenteral chemotherapy dose standardisation in a tertiary oncology centre,"Background: Dose banding parenteral chemotherapy has the potential to optimise aseptic unit capacity and reduce drug expenditure without compromising the service provided. Method(s): Dose banding tables from NHS England were implemented into the electronic chemotherapy prescribing system. Compliance to the dose bands was analysed and submitted quarterly. Analysis of drug expenditure, drug use and cost per milligram data was also collected. Result(s): Expenditure on the 17 drugs identified in the 2016/17 dose standardisation CQUIN reduced by approximately 100,000 per month over the CQUIN despite an increase in the number of prescribed doses of these drugs. At the beginning of the year, the percentage of work compounded in house was 60%, which was reduced to 51% of total workload at the end of the year due to outsourcing commonly prescribed doses from commercial pharmaceutical aseptic manufacturers. Conclusion(s): Dose banding parenteral chemotherapy is an efficient cost-saving strategy which also can help to increase the capacity of the aseptic unit. Copyright Â© The Author(s) 2018.",FALSE,Copyright indicates publication in 2018.,English,2018,1
J1256,2019,The pharmacy care plan service: Evaluation and estimate of cost-effectiveness,"BACKGROUND: The UK Community Pharmacy Future group developed the Pharmacy Care Plan (PCP) service with a focus on patient activation, goal setting and therapy management. OBJECTIVE(S): To estimate the effectiveness and cost-effectiveness of the PCP service from a health services perspective. METHOD(S): Patients over 50 years of age prescribed one or more medicines including at least one for cardiovascular disease or diabetes were eligible. Medication review and person-centred consultation resulted in agreed health goals and actions towards achieving them. Clinical, process and cost-effectiveness data were collected at baseline and 12-months between February 2015 and June 2016. Mean differences are reported for clinical and process measures. Costs (NHS) and quality-adjusted life year scores were estimated and compared for 12 months pre- and post-baseline. RESULT(S): Seven hundred patients attended the initial consultation and 54% had a complete set of data obtained. There was a significant improvement in patient activation score (mean difference 5.39; 95% CI 3.9-6.9; p < 0.001), systolic (mean difference -2.90 mmHg; 95% CI -4.7 to -1; p = 0.002) and diastolic blood pressure (mean difference -1.81 mmHg; 95% CI -2.8 to -0.8; p < 0.001), adherence (mean difference 0.26; 95% CI 0.1-0.4; p < 0.001) and quality of life (mean difference 0.029; 95% CI 0.015-0.044; p < 0.001). HDL cholesterol reduced significantly and QRisk2 scores increased significantly over the course of the 12 months. The mean incremental cost associated with the intervention was estimated to be 202.91 (95% CI 58.26 to 346.41) and the incremental QALY gain was 0.024 (95% CI 0.014 to 0.034), giving an incremental cost per QALY of 8495. CONCLUSION(S): Enrolment in the PCP service was generally associated with an improvement over 12 months in key clinical and process metrics. Results also suggest that the service would be cost-effective to the health system even when using worst case assumptions. Copyright Â© 2018 The Authors. Published by Elsevier Inc. All rights reserved.",FALSE,"Published in 2018, outside 2019â€“2025 range",English,2018,1
J726,2019,Geriatric Telepsychiatry: Systematic Review and Policy Considerations,"Telemental health (TMH) for older patients has the potential to increase access to geriatric specialists, reduce travel times for patients and providers, and reduce ever growing healthcare costs. This systematic review article examines the literature regarding psychiatric assessment and treatment via telemedicine for geriatric patients. English language literature was searched using Ovid Medline, PubMed, and PsycINFO with search terms including telemedicine, telemental health, aging, and dementia. Abstracts were reviewed for relevance based on inclusion criteria. Multiple study types were reviewed, including open label, qualitative and randomized controlled trial study designs. Data was compiled regarding participants, study intervention, and outcomes. 76 articles were included. TMH was shown to be feasible and well accepted in the areas of inpatient and nursing home consultation, cognitive testing, dementia diagnosis and treatment, depression in integrated and collaborative care models, and psychotherapy. There is limited data on cost-effectiveness of TMH in the elderly. This article will discuss the current barriers to broader implementation of telemedicine for geriatric patients including reimbursement from the Medicare program. Medicare reimbursement for telemedicine is limited to rural areas, which does not allow for the widespread development of telemedicine programs. All Medicare beneficiaries would benefit from increased access to telemedicine services, not only those living in rural areas. As many elderly and disabled individuals have mobility problems, home-based telemedicine services should also be made available. There are efforts in Congress to expand the coverage of these services under Medicare, but strong advocacy will be needed to ensure these efforts are successful. Copyright Â© 2018",FALSE,Copyright indicates publication in 2018.,English,2018,1
J3014,2021,"Percutaneous Coronary Intervention in Patients With Gynecological Cancer: Machine Learning-Augmented Propensity Score Mortality and Cost Analysis for 383,760 Patients","Background: Despite the growing number of patients with both coronary artery disease and gynecological cancer, there are no nationally representative studies of mortality and cost effectiveness for percutaneous coronary interventions (PCI) and this cancer type. Method(s): Backward propagation neural network machine learning supported and propensity score adjusted multivariable regression was conducted for the above outcomes in this case-control study of the 2016 National Inpatient Sample (NIS), the United States' largest all-payer hospitalized dataset. Regression models were fully adjusted for age, race, income, geographic region, cancer metastases, mortality risk, and the likelihood of undergoing PCI (and also with length of stay [LOS] for cost). Analyses were also adjusted for the complex survey design to produce nationally representative estimates. Centers for Disease Control and Prevention (CDC)-based cost effectiveness ratio (CER) analysis was performed. Result(s): Of the 30,195,722 hospitalized patients meeting criteria, 1.27% had gynecological cancer of whom 0.02% underwent PCI including 0.04% with metastases. In propensity score adjusted regression among all patients, the interaction of PCI and gynecological cancer (vs. not having PCI) significantly reduced mortality (OR 0.53, 95%CI 0.36-0.77; p = 0.001) while increasing LOS (Beta 1.16 days, 95%CI 0.57-1.75; p < 0.001) and total cost (Beta $31,035.46, 95%CI 26758.86-35312.06; p < 0.001). Among gynecological cancer patients, mortality was significantly reduced by PCI (OR 0.58, 95%CI 0.39-0.85; p = 0.006) and being in East North Central, West North Central, South Atlantic, and Mountain regions (all p < 0.03) compared to New England. PCI reduced mortality but not significantly for metastatic patients (OR 0.74, 95%CI 0.32-1.71; p = 0.481). Eighteen extra gynecological cancer patients' lives were saved with PCI for a net national cost of $3.18 billion and a CER of $176.50 million per averted death. Conclusion(s): This large propensity score analysis suggests that PCI may cost inefficiently reduce mortality for gynecological cancer patients, amid income and geographic disparities in outcomes. Copyright Â© 2022 Thomason, Monlezun, Javaid, Filipescu, Koutroumpakis, Shobayo, Kim, Lopez-Mattei, Cilingiroglu, Iliescu, Marmagkiolis, Ramirez and Iliescu.",FALSE,"Published in 2022, but language is unknown",Unknown,2022,0.8
J1938,2020,HIV drug treatment cost savings achieved in Scotland 2016-2019,"Background: In 2017, the Scottish HIV Clinical Leads, in collaboration with NHS National Procurement and the third sector, published 'Guidance for costsensitive HIV therapy prescribing guidance in NHS Scotland' detailing eight key strategies to increase cost-efficiency for antiretroviral treatment whilst maintaining excellent clinical outcomes. The guidance was updated in 2018 and a new version is in preparation. Method(s): Framework agreements for generic HIV medicines, tendered by National Procurement deliver a single price for each medicine enabling a consistent approach to prescribing across NHS Scotland. A nationally agreed approach to use generic HIV therapy emphasises that cost and affordability of medicines are integral to prescribing decisions. Publicly-available guidelines therefore signal an appetite for generics to manufacturers and also provide a useful negotiation tool in discussions with suppliers of branded medicines. Cost savings from March 2016 to March 2019 were quantified using centrallyheld prescribing data from NHS National Procurement. Result(s): Introduction of cost sensitive prescribing guidance in conjunction with a proactive procurement approach generated significant savings on HIV medicines for NHS Scotland. Beyond generics, negotiations with suppliers of branded medicines led to a price reduction of single tablet regimens. The annual HIV treatment cost in NHS Scotland in the 3 years to March 2019 fell from 19.25 million to 7.45 million per year; a recurrent saving of 11.8 million. This represents a 61% saving on baseline HIV treatment expenditure in 2016, despite the number of individuals receiving antiretroviral treatment increasing by 11% during the period. Building on this collaboration between HIV clinicians and Procurement, Scotland awarded a contract for generic emtricitabine/tenofovir from November 2017 supporting the NHS-funded pre-exposure prophylaxis programme at a significantly reduced cost. This produced estimated costavoidance of a further 7 million on HIV prevention drugs to 2019. Conclusion(s): With the support of patients and the third sector, significant savings have been generated by collaborative working between clinicians and procurement professionals. NHS Scotland has maintained excellent HIV outcomes meeting including UNAIDS 90:90:90 targets. Where there are alternative positive treatment options, increased clinician awareness of drug costs has informed decision making. This methodology may be transferable to other therapeutic areas.",FALSE,Published before 2019,English,2020,1
J657,2019,Trial Versus No Trial of Spinal Cord Stimulation for Chronic Neuropathic Pain: Cost Analysis in United Kingdom National Health Service,"Objectives: The aim of the current project was to evaluate the spinal cord stimulation (SCS) screening trial success rate threshold to obtain the same cost impact across two identical sets of patients following either a prolonged screening trial prior to implantation strategy or a full implant without a screening trial. Material(s) and Method(s): A cost impact analysis was carried out from a health care perspective and considered trial to implant rates reported in the literature. Items of resource use were costed using national averages obtained from the National Health Service (NHS) reference cost data base. Cost components were added up to derive total patient level costs for the NHS. Only the costs associated with the screening trial procedures and devices were considered. Result(s): The most conservative of our estimates suggest that a failure rate of less than 15% is cost saving to the NHS. A failure rate as high as 45% can also be cost saving if the less expensive nonrechargeable SCS devices are used. All the thresholds observed represent a considerably higher screening failure rate than that reported in the latest randomized controlled trials (RCTs) of SCS. A trial to implant ratio of 91.6% could represent savings between 16,715 (upper bound 95% CI of rechargeable implantable pulse generator [IPG] cost) and 246,661 (lower bound 95% CI of nonrechargeable IPG cost) per each 100 patients by adopting an implantation only strategy. Conclusion(s): Considerable savings could be obtained by adopting an implantation strategy without a screening trial. It is plausible that accounting for other factors, such as complications that can occur with a screening trial, additional savings could be achieved by choosing a straight to implant treatment strategy. Nevertheless, additional evidence is warranted to support this claim. Copyright Â© 2018 The Authors. Neuromodulation: Technology at the Neural Interface published by Wiley Periodicals, Inc. on behalf of International Neuromodulation Society.",FALSE,Copyright indicates publication in 2018.,English,2018,1
J621,2019,"A case study exploring the effectiveness of an innovative 5Q Care Test"" to determine whether patients with complex needs require health or social care""","A case study was conducted in 2016 to evaluate the effectiveness of an innovation to enable people with complex"" care requirements to be discharged from hospital to an appropriate service for their care, without using the NHS England Continuing Health Care (CHC) assessment. The setting was a rural district general hospital in England, where the quality outcomes and cost-effectiveness of the CHC assessment being conducted in hospital were giving cause for concern. The NHS CHC Framework advocates conducting these assessments in the community where a more accurate indication of long-term care can be determined. The ""5Q Care Test"" was collaboratively developed with health and social care partners, care providers, and CHC interest groups, including users of the services. It was implemented as a tool to support moving the CHC assessment into the community, as it enabled practitioners to swiftly determine patients' appropriate initial care pathway out of hospital. A full economic impact analysis was conducted 7 months after the tool was introduced. The results showed significant improvement in the quality and cost-effectiveness of the ""5Q Care Test,"" with a reduction in the hospital length of stay, which is known to be associated with improved outcomes for patients and financial savings. Copyright Â© 2018 John Wiley & Sons Ltd.""",FALSE,"Published in 2018, outside the 2019-2025 range",English,2018,1
J840,2019,Reducing Trainee Service Provision Burden: An Audit of Cardiac Surgical Follow-Up,"Objective: To standardize the discharge policy for outpatient appointments and reduce the burden of service provision placed on trainee surgeons. Design(s): Retrospective audit of practice followed by a prospective audit following our intervention. Setting(s): Cardiac surgery outpatient clinic at Liverpool Heart and Chest Hospital, a large tertiary cardiothoracic center in the United Kingdom. Participant(s): All patients (total 1002) attending postcardiac surgery follow-up appointments in the periods January to March 2015 (n = 428), February to March 2016 (n = 250), and February to March 2017 (n = 324). Result(s): Introduction of departmentally agreed guidelines on discharge from follow-up reduced the number of inappropriate recalls among patients attending their first postoperative appointment (4.6% vs 17.6%; p < 0.001), which was maintained at 1 year (4.5% vs 17.6%; p < 0.001). In the initial cohort, a significantly higher proportion of patients were inappropriately recalled if they were seen by registrars who were not from the operating consultant's team (11.7% vs 24.1%; p = 0.007); this was not apparent after the guidelines were introduced (5.4% vs 3.8%; p = 0.62). There was no increase in the number of patients referred back to the cardiac surgical department after introduction of the guidelines (0.71% vs 2.8%; p = 0.078). We calculated an annual cost saving of 3841 ($5377). There was a significant increase in the number of new patients seen by trainees in each clinic (0.15 vs 0.38, p = 0.04). Conclusion(s): Implementation of a discharge guideline decreased the number of unnecessary attendances at the outpatient clinic without an increase in subsequent re-referrals and was cost neutral. Trainees were able to assess more new referrals, increasing the educational value of the clinics. Copyright Â© 2018 Association of Program Directors in Surgery",FALSE,"Published in 2018, outside 2019-2025 range",English,2018,1
J710,2019,Rationalization nivolumab by strategies cost-analysis,"Objective/purpose: Nivolumab, anti-programmed death (PD)-1 agent, has shown good results in terms of efficacy and tolerability in different oncohematological pathologies; however, the high cost of these agents has led to the needing of the optimization of its use in health-care systems. The aim of this work is to describe the use of nivolumab in a thirdlevel hospital and to analyze changes in cost using different dosing-strategies for nivolumab Study design/methods: The use of nivolumab was recorded (2017), for all prescribed indications. The total nivolumab-cost (3 mg/kg Q2W) was compared with three different dosing strategies: Strategy 1: Fixed-dosing of 240mg Q2W. Strategy 2: Dose-banding. Single doses were 10% of calculated body weight for a specific band based on vial size presentations of nivolumab (40-100 mg) to reduce the wastage. Strategy 3: To group the patients on treatment with nivolumab the same day for minimize the waste of vials. The relative cost change of each strategy was compared to the total cost of nivolumab during the study period and was calculated as the total difference-cost and as percentages (%). A negative sign for the relative cost represents reduced cost(savings) and a positive sign represents increased. Results/key findings: During 2017, 18 patients have been treated with nivolumab (eight for lung cancer, five melanoma, three non-Hodgkin lymphoma, one colorectal cancer and one renal cancer). Fifty percent of included patients were men and the median age was 55.7 years. The mean doses administered were 15.1. The nivolumab cost during this year was 546,807.5E. Cost-changes for the three different strategies were: Strategy 1: 577.194,4E total-cost (+30.386,9E; + 5.6%) Strategy 2: 502.572,3E (44.235,2E; 8.1%) Strategy 3: 531.464,6E (15.342,9E; 2.8%). Conclusion/recommendations: Our results shows that the dose-banding strategies (currently used throughout hospitals in England) can help to further improve cost-effectiveness of nivolumab, expecting in our scenario a saving of 44,235.2E (8.1%) in 2017.",FALSE,"Published in 2017, outside 2019â€“2025 range",English,2017,1
J2058,2020,"Economic evaluation of mindfulness group therapy for patients with depression, anxiety, stress and adjustment disorders compared with treatment as usual","Background A randomised controlled trial found that a structured mindfulness group therapy (MGT) programme was as effective as treatment as usual (mostly cognitive-behavioural therapy) for patients with a diagnosis of depression, anxiety or stress and adjustment disorders in Sweden (ClinicalTrials.gov: NCT01476371).Aims To perform a cost-effectiveness analysis of MGT compared with treatment as usual from both a healthcare and a societal perspective for the trial duration (8 weeks).Method The costs from a healthcare perspective included treatment as usual, medication and costs for providing MGT. The societal perspective included costs from the healthcare perspective plus savings from productivity gains for the trial duration. The effectiveness was measured as quality-adjusted life-years (QALY) using the EQ-5D-5L questionnaire and the UK value set. Uncertainty surrounding the incremental costs and effects were estimated using non-parametric bootstrapping with 5000 replications and presented with 95% confidence intervals and cost-effectiveness acceptability curves.Results The MGT group had significantly lower healthcare and societal costs (mean differences -115 (95% CI -193 to -36) and -112 (95% CI -207 to -17), respectively) compared with the control group. In terms of effectiveness, there was no significant difference in QALY gain (mean difference -0.003, 95% CI -0.0076 to 0.0012) between the two groups.Conclusions MGT is a cost-saving alternative to treatment as usual over the trial duration from both a healthcare and a societal perspective for patients with a diagnosis of depression, anxiety or stress and adjustment disorders in Sweden. Â© Copyright The Royal College of Psychiatrists 2018.",FALSE,"Published in 2018, outside 2019-2025 range",English,2018,1
J1274,2019,Setting a research agenda for pediatric complementary and integrative medicine: A consensus approach,"Background: Pediatric use of complementary medicine (CM) is common and offers numerous research questions about diverse therapies and conditions. Although research priorities for pediatric CM have been identified, there was a need to update in light of the rapid evolution of the field. Method(s): Building on previous work, we conducted an international, consensus-based 4-step modified Delphi process to develop and refine a pediatric CM research agenda, including on-line questionnaires and an in-person meeting. Participants included health care professionals, researchers, and educators. Result(s): We received 376 responses; participants included conventional and CM providers, researchers, educators, administrators, and policy-makers from 15 countries (Australia, Bangladesh, Belgium, Canada, China, Germany, India, Israel, Italy, New Zealand, Norway, Sri Lanka, The Netherlands, United Kingdom, and United States). While it was recognized that each region must set their own priorities based on use, access, and expertise, a minimum set"" for a pediatric CM research agenda was identified. After three rounds of surveys, participants identified the highest priorities for pediatric CM research as: (i) safety of CM therapies for infants, children, and adolescents; (ii) conditions for which CM use is highly prevalent and for which conventional medicine lacks safe, cost-effective therapies; iii) therapies/therapists to be examined for quality and reproducibility of interventions, comparative and cost effectiveness, dose, etc.; and iv) identification of relevant outcomes and outcome measurement tools. Conclusion(s): The results of our study identify that ""first do no harm"" is the leading research priority for pediatric CM research, followed by more research on effectiveness of CM therapies for conditions not safely and effectively treated with conventional care. In order to improve pediatric health care, interdisciplinary collaborative approaches are needed between CM and conventional providers and researchers. Copyright Â© 2018""",FALSE,Copyright indicates publication in 2018,English,2018,1
J1311,2019,Cost-effectiveness of physiotherapy interventions in neurological rehabilitation: a systematic review of economic evaluation,"Purpose: Owing to the expanding population and increase in life expectancy in people with neurological disorders, the need for specialist long-term care such as physiotherapy continues to grow. Therefore, studies on cost-effectiveness of different physiotherapy treatment techniques for neurological disorders are important in minimizing the expenditure on healthcare services. This systematic review aims to (1) provide a comprehensive evidence on cost-effectiveness evaluation of physiotherapy interventions in neurological rehabilitation, and (2) provide future implications to the researchers on cost-effectiveness evaluation for physiotherapy treatment techniques in neurological rehabilitation. Method(s): Allied and Complementary Medicine (AMED), Ovid Medline, Embase, Health Technology Assessment (HTA), NHS Economic Evaluation Database (NHS EED) and Cumulative Index to Nursing and Allied Health Literature CINAHL were searched from the date of database inception to 28 March 2017. Studies estimating the cost-effectiveness as incremental cost-effectiveness ratios, cost per quality-adjusted life year, cost per disability-adjusted life year and cost per other measurable results were included. PEDro scale and Consensus on Health Economic Criteria (CHEC) list were used for rating the quality of the methodology and economic evaluation respectively. Result(s): Seven studies involving 1003 participants were included in the review. The methodological quality of four studies was high, while three were of low quality. The quality of economic evaluation was high for one study, five were of moderate quality and one was of low quality. The included studies were conducted in the United States of America (USA), Canada, Netherlands, New Zealand/Australia and the United Kingdom. Aerobic training, progressive strength training, and a pragmatic physiotherapy programme (combination of stretching, strength and balance training) were reported as potentially cost-effective for older adults with vascular cognitive impairment, falls prevention in Parkinson's disease and multiple sclerosis respectively. Physiotherapy as an adjuvant for pain control was also reported as cost-effective for reflex sympathetic dystrophy. One study testing extra physiotherapy-by-physiotherapy assistant in cerebral palsy and two studies testing extra therapy using a robotic arm and Wii therapy for hand rehabilitation in stroke were reported as not cost-effective. Conclusion(s): There are limited studies that have evaluated the cost-effectiveness of physiotherapy treatments in neurological disorders. All the existing literature on cost-effectiveness studies is restricted to North America, Europe, Australia and New Zealand. There is a need to conduct cost-effectiveness studies in Asia region as the generalizability of findings of previously published studies is limited to the healthcare system of the country of origin. Implications: Progressive muscle strengthening exercise over a period of 6-month is reported to be cost-effective for falls prevention in people with Parkinson's disease. Aerobic training is reported as potentially cost-effective for older adults with vascular cognitive impairment. Physiotherapy given as an adjuvant treatment is reported to be potentially cost-effective for reflex sympathetic dystrophy of less than 1-year duration. One study reported physiotherapy involving static stretching, aerobic exercise, strengthening exercise, and balance training as cost-effective for people with multiple sclerosis. Additional physiotherapy-by-physiotherapy assistant or family member and use of novel physiotherapy techniques such as robotics or Wii with conventional physiotherapy are found not cost-effective. Funding acknowledgements: This research was supported by the 'Start-up fund' for academic research by the Department of Rehabilitation Sciences, Hong Kong Polytechnic University. Copyright Â© 2018",FALSE,"Published in 2018, outside 2019-2025 range",English,2018,1
J584,2019,Physiotherapy triage service for cancer patients - a service evaluation,"Purpose: Individuals with cancer experience a plethora of symptoms from diagnosis, through treatment and beyond into survivorship. Allied Health Professionals are uniquely placed to impact upon these symptoms by engaging individuals in rehabilitation. Scoping of rehabilitation services amongst individuals with cancer undergoing haematological and oncological treatment highlighted various issues with fatigue, loss of function, pain and breathlessness. A pilot programme was implemented to address these unmet needs. Method(s): In an acute teaching trust in the South West of England, individuals with cancer were highlighted by health care professionals and referred into the Therapy Treatment Support Service (TTSS). Included individuals had a cancer diagnosis and were adults aged 16 years and over, exclusion criteria specified those under 16 years of age and those without a cancer diagnosis. Telephone triage carried out by a physiotherapist provided appropriate interventions including fatigue management, musculoskeletal treatment, exercise programmes and breathlessness advice for individuals. The Functional Assessment of Cancer Therapy - General (FACT-G) was used as a quality of life outcome measure on initial and final contact. Result(s): Between March 2017 and March 2018 220 individuals were referred to TTSS with the following numbers specifying the primary reason for referral, 81 for fatigue, 71 for musculoskeletal issues, 42 for physical activity issues, 20 for mobility issues and 6 for breathlessness. In total 44 of 53 completed datasets demonstrated positive outcomes in terms of quality of life using the FACT-G. Of 23 completed datasets with fatigue as the primary reason for referral, 21 demonstrated an improvement. Conclusion(s): Fatigue is the primary reason for referral to TTSS and its interventions have shown a positive impact upon quality of life. A more detailed enquiry is required to investigate this service model. Implications: There is discrepancy in service provision for fatigue management amongst the population of those living with and beyond cancer. A cost-effective intervention that can provide equitable access is required to meet the aims stated in the Recovery Package. A standardised intervention delivered via a telephone clinic could reach a significant population of those living with and beyond cancer improving cancer-related fatigue symptoms. Funding acknowledgements: Macmillan Cancer Support provided funding for this pilot programme. The authors report no affiliations or conflicts of interest in the subject matter of this abstract. Copyright Â© 2018",FALSE,"Published in 2018, outside 2019â€“2025 range",English,2018,1
J2627,2021,"PNS63 A Longitudinal Study to Identify Potentially Low-Value Clinical Procedures Using Hospital Episode Statistics Linked to Deprivation and Ethnicity in England, 2014/15-2018/19","Objectives: It is important that surgery is effective and good value for money. Different methods have been used to identify 'low value' surgical procedures for which use should be reduced or stopped; for example, reviewing current evidence/guidelines, or stakeholder consultation. We investigated whether high geographical or temporal variation in surgery rates in England might indicate uncertainty about their effectiveness or cost-effectiveness, potentially identifying them as 'low value'. Method(s): Longitudinal observational study of surgical procedures in England using Hospital Episode Statistics, 2014/15-2018/19, adjusted for age, sex, deprivation, and ethnicity using indirect standardisation. Procedures were defined by 3-character OPCS-4 codes. We highlighted surgeries in the top 5% for growth in surgery rates (2014/15-2018/19) and/or systematic component of variation (2018/19) and conducted a literature review of the evidence supporting these procedures. Result(s): High temporal or geographical variation was associated with uncertainty in the evidence base: In five cases, it was unclear whether surgery was more cost-effective than non-surgical interventions (e.g. radiofrequency denervation of the facet joint); for another five procedures there was evidence that surgery is effective, but the most cost-effective method was unclear (e.g. bariatric surgery for obesity). Deep brain stimulation was recommended by NICE in particular circumstances, and there was little evidence about pressure manometry. Some observed variation was due to coding anomalies, highlighting the limitations of the OPCS system for research. Most procedures had not been previously identified as potentially 'low value' by other methods. Conclusion(s): Exploring temporal and geographical variation is a potential method of identifying clinical uncertainty about surgery. This type of analysis could be carried out on a regular basis to quickly identify increasing use of uncertain procedures. Early recognition could facilitate better regulation (e.g. only in trials) to generate evidence on cost-effectiveness before potentially 'low value' procedures become established in clinical practice. Copyright Â© 2021",FALSE,Published before 2019,English,2018,1
